"reference";"nom";"articleId";"unite";"quantiteImportee";"stockActuel";"mouvementId";"facture";"etat"
"BUR-001";"Stylos Trio bleu rouge et noir";"1";"paquet";"10";"10";"1";"ECTT 002/2026";"Déjà importé"
"BUR-002";"Trombones petits 25 mm";"2";"paquet";"10";"10";"2";"ECTT 002/2026";"Déjà importé"
"BUR-003";"Trombones gros 43 et 50 mm";"3";"paquet";"10";"10";"3";"ECTT 002/2026";"Déjà importé"
"BUR-004";"Trombones moyens 33 mm";"4";"paquet";"10";"10";"4";"ECTT 002/2026";"Déjà importé"
"BUR-005";"Couvertures pour reliure";"5";"paquet";"5";"5";"5";"ECTT 002/2026";"Déjà importé"
"BUR-006";"Transparents pour reliure";"6";"paquet";"5";"5";"6";"ECTT 002/2026";"Déjà importé"
"BUR-007";"Spirales à relier 8 10 12 14 16 18 mm";"7";"paquet";"6";"6";"7";"ECTT 002/2026";"Déjà importé"
"BUR-008";"Gommes";"8";"paquet";"1";"1";"8";"ECTT 002/2026";"Déjà importé"
"BUR-009";"Cahiers à spirale petit et grand format";"9";"paquet";"3";"3";"9";"ECTT 002/2026";"Déjà importé"
"BUR-010";"Scotch grand et petit format";"10";"rouleau";"4";"4";"10";"ECTT 002/2026";"Déjà importé"
"BUR-011";"Scotch papier";"11";"paquet";"2";"2";"11";"ECTT 002/2026";"Déjà importé"
"BUR-012";"Clés USB 8 Go";"12";"paquet";"10";"10";"12";"ECTT 002/2026";"Déjà importé"
"BUR-013";"Papier en carton de 5 rames";"13";"carton de 5 rames";"20";"20";"13";"ECTT 002/2026";"Déjà importé"
"BUR-014";"Papier carbone";"14";"paquet";"2";"2";"14";"ECTT 002/2026";"Déjà importé"
"BUR-015";"Colle liquide";"15";"paquet";"2";"2";"15";"ECTT 002/2026";"Déjà importé"
"BUR-016";"Brouillards de caisse";"16";"paquet";"5";"5";"16";"ECTT 002/2026";"Déjà importé"
"BUR-017";"Blocs-notes grand et petit format";"17";"paquet";"4";"4";"17";"ECTT 002/2026";"Déjà importé"
"BUR-018";"Enveloppes A4";"18";"carton";"2";"2";"18";"ECTT 002/2026";"Déjà importé"
"BUR-019";"Enveloppes A3";"19";"carton";"2";"2";"19";"ECTT 002/2026";"Déjà importé"
"BUR-020";"Enveloppes A5";"20";"carton";"2";"2";"20";"ECTT 002/2026";"Déjà importé"
"BUR-021";"Post-it 76 mm";"21";"demi-carton";"1";"1";"21";"ECTT 002/2026";"Déjà importé"
"BUR-022";"Papier cubique";"22";"paquet";"10";"10";"22";"ECTT 002/2026";"Déjà importé"
"BUR-023";"Taille-crayons";"23";"paquet";"1";"1";"23";"ECTT 002/2026";"Déjà importé"
"BUR-024";"Encre pour cachet bleue";"24";"paquet";"2";"2";"24";"ECTT 002/2026";"Déjà importé"
"BUR-025";"Encre pour cachet laser";"25";"paquet";"2";"2";"25";"ECTT 002/2026";"Déjà importé"
"BUR-026";"Boîtes d’archives Esselte";"26";"paquet";"5";"5";"26";"ECTT 002/2026";"Déjà importé"
"BUR-027";"Sous-chemises";"27";"carton";"5";"5";"27";"ECTT 002/2026";"Déjà importé"
"BUR-028";"Chemises";"28";"colis";"5";"5";"28";"ECTT 002/2026";"Déjà importé"
"BUR-029";"Agrafeuses B39 Novus";"29";"colis";"2";"2";"29";"ECTT 002/2026";"Déjà importé"
"BUR-030";"Agrafes 24/6 Novus";"30";"carton";"2";"2";"30";"ECTT 002/2026";"Déjà importé"
"BUR-031";"Calculatrice DJ 1200 Plus";"31";"unité";"10";"10";"31";"ECTT 002/2026";"Déjà importé"
"BUR-032";"Crayons à papier";"32";"paquet";"3";"3";"32";"ECTT 002/2026";"Déjà importé"
"BUR-033";"Marqueurs noirs rouges et bleus";"33";"paquet";"15";"15";"33";"ECTT 002/2026";"Déjà importé"
"BUR-034";"Enveloppes à fenêtre";"34";"carton";"2";"2";"34";"ECTT 002/2026";"Déjà importé"
"BUR-035";"Enveloppes sans fenêtre";"35";"carton";"2";"2";"35";"ECTT 002/2026";"Déjà importé"
"BUR-036";"Surligneurs jaunes verts et orange";"36";"paquet";"9";"9";"36";"ECTT 002/2026";"Déjà importé"
"BUR-037";"Critériums 0,7 mm et mines";"37";"paquet";"2";"2";"37";"ECTT 002/2026";"Déjà importé"
"BUR-038";"Transparents pour classement";"38";"unité";"5";"5";"38";"ECTT 002/2026";"Déjà importé"
"BUR-039";"Chemises à sangle";"39";"carton";"2";"2";"39";"ECTT 002/2026";"Déjà importé"
"BUR-040";"Chemises à sangle à dos large";"40";"carton";"2";"2";"40";"ECTT 002/2026";"Déjà importé"
"BUR-041";"Chemises à rabats";"41";"carton";"3";"3";"41";"ECTT 002/2026";"Déjà importé"
"BUR-042";"Bracelets";"42";"carton";"1";"1";"42";"ECTT 002/2026";"Déjà importé"
"BUR-043";"Pots à crayons";"43";"unité";"5";"5";"43";"ECTT 002/2026";"Déjà importé"
"BUR-044";"Désagrafeuses";"44";"paquet";"1";"1";"44";"ECTT 002/2026";"Déjà importé"
"BUR-045";"Chronos";"45";"paquet";"10";"10";"45";"ECTT 002/2026";"Déjà importé"
"BUR-046";"Parapheurs";"46";"paquet";"5";"5";"46";"ECTT 002/2026";"Déjà importé"
"BUR-047";"Registres 300 pages";"47";"unité";"5";"5";"47";"ECTT 002/2026";"Déjà importé"
"BUR-048";"Registres 200 pages";"48";"unité";"5";"5";"48";"ECTT 002/2026";"Déjà importé"
"BUR-049";"Registres courrier arrivé";"49";"unité";"10";"10";"49";"ECTT 002/2026";"Déjà importé"
"BUR-050";"Feuilles de demande";"50";"paquet";"1";"1";"50";"ECTT 002/2026";"Déjà importé"
"BUR-051";"Ciseaux";"51";"unité";"5";"5";"51";"ECTT 002/2026";"Déjà importé"
"TON-085A";"Cartouche HP LaserJet 85A";"52";"unité";"10";"10";"52";"EZIF 045/2026";"Déjà importé"
"TON-083A";"Cartouche HP LaserJet 83A";"53";"unité";"5";"5";"53";"EZIF 045/2026";"Déjà importé"
"TON-017A";"Cartouche HP LaserJet 17A";"54";"unité";"25";"25";"54";"EZIF 045/2026";"Déjà importé"
"TON-059A";"Cartouche HP LaserJet 59A";"55";"unité";"5";"5";"55";"EZIF 045/2026";"Déjà importé"
"TON-080A";"Cartouche HP LaserJet 80A";"56";"unité";"4";"4";"56";"EZIF 045/2026";"Déjà importé"
"TON-2630";"Cartouche HP LaserJet 2630";"57";"unité";"2";"2";"57";"EZIF 045/2026";"Déjà importé"
"TON-107A";"Cartouche HP LaserJet 107A";"58";"unité";"35";"35";"58";"EZIF 045/2026";"Déjà importé"
"TON-106A";"Cartouche HP LaserJet 106A";"59";"unité";"20";"20";"59";"EZIF 045/2026";"Déjà importé"
